Top pages,Clicks,Impressions,CTR,Position
https://fawazbhseo.in/,22,410,5.37%,3.95
https://fawazbhseo.in/seo-consultant-karnataka,10,183,5.46%,16.62
https://fawazbhseo.in/about/,4,114,3.51%,4.94
https://fawazbhseo.in/seo-consultant-india,4,95,4.21%,14.65
https://fawazbhseo.in/geo-consultant,2,117,1.71%,13.19
https://fawazbhseo.in/aeo-consultant/,2,17,11.76%,12.94
https://fawazbhseo.in/about,1,92,1.09%,6.59
https://fawazbhseo.in/case-studies,1,73,1.37%,8.47
https://fawazbhseo.in/cities-we-serve,1,58,1.72%,13.03
https://fawazbhseo.in/seo-consultant-kodagu,1,27,3.7%,6.22
https://fawazbhseo.in/neptiq-ai/,1,22,4.55%,8.5
https://fawazbhseo.in/seo-consultant-karnataka/,1,21,4.76%,12.81
https://fawazbhseo.in/contact,1,12,8.33%,77.83
https://fawazbhseo.in/seo-services/,1,11,9.09%,20.64
https://fawazbhseo.in/seo-consultant-kodagu/,1,9,11.11%,21.22
https://fawazbhseo.in/blog,1,7,14.29%,12.43
https://fawazbhseo.in/seo-services-virajpet,1,2,50%,16.5
https://fawazbhseo.in/ai-seo-expert-india,0,64,0%,14.22
https://fawazbhseo.in/aeo-consultant,0,63,0%,19.52
https://fawazbhseo.in/seo-services,0,57,0%,10.07
https://fawazbhseo.in/case-studies/,0,8,0%,15.75
https://fawazbhseo.in/seo-services-bengaluru,0,5,0%,10.2
https://fawazbhseo.in/seo-services-mangaluru,0,5,0%,44.2
https://fawazbhseo.in/seo-services-mumbai,0,4,0%,5.5
https://fawazbhseo.in/seo-services-mysuru,0,3,0%,5
https://fawazbhseo.in/seo-services-somwarpet,0,3,0%,6.33
https://fawazbhseo.in/seo-consultant-kodagu.php,0,1,0%,2
https://fawazbhseo.in/seo-services-delhi-ncr,0,1,0%,4
https://fawazbhseo.in/seo-services-hyderabad,0,1,0%,8
https://fawazbhseo.in/blog/,0,1,0%,9
https://fawazbhseo.in/seo-services-pune,0,1,0%,26